<appaction uniquename="cr6f2__BuscarCEP!a32cce6439fc433ebe1dd61b923781ec!cr6f2_custom!account!0">
  <appmoduleid>
    <uniquename>cr6f2_custom</uniquename>
  </appmoduleid>
  <buttonlabeltext default="Buscar CEP">
    <label description="Buscar CEP" languagecode="1033" />
  </buttonlabeltext>
  <context>1</context>
  <contextentity>
    <logicalname>account</logicalname>
  </contextentity>
  <contextvalue>account</contextvalue>
  <hidden>0</hidden>
  <iscustomizable>1</iscustomizable>
  <isdisabled>0</isdisabled>
  <isgrouptitlehidden>0</isgrouptitlehidden>
  <location>0</location>
  <name>BuscarCEP!a32cce6439fc433ebe1dd61b923781ec</name>
  <onclickeventjavascriptfunctionname>Busca CEP</onclickeventjavascriptfunctionname>
  <onclickeventjavascriptparameters>[]</onclickeventjavascriptparameters>
  <onclickeventjavascriptwebresourceid>
    <webresourceid>38af52cc-c462-ef11-bfe3-000d3a2845e3</webresourceid>
  </onclickeventjavascriptwebresourceid>
  <onclickeventtype>2</onclickeventtype>
  <origin>0</origin>
  <sequence>100100005.5000000000</sequence>
  <statecode>0</statecode>
  <statuscode>1</statuscode>
  <type>0</type>
  <visibilitytype>0</visibilitytype>
</appaction>