<ImportExportXml xmlns:xsi="http://www.w3.org/2001/XMLSchema-instance">
  <Entities>
    <Entity>
      <Name LocalizedName="Account" OriginalName="">Account</Name>
      <RibbonDiffXml>
        <CustomActions />
        <Templates>
          <RibbonTemplates Id="Mscrm.Templates"></RibbonTemplates>
        </Templates>
        <CommandDefinitions />
        <RuleDefinitions>
          <TabDisplayRules />
          <DisplayRules />
          <EnableRules />
        </RuleDefinitions>
        <LocLabels />
      </RibbonDiffXml>
    </Entity>
    <Entity>
      <Name LocalizedName="Competitor" OriginalName="Competitor">Competitor</Name>
      <EntityInfo>
        <entity Name="Competitor">
          <attributes>
            <attribute PhysicalName="EntityImage">
              <Type>image</Type>
              <Name>entityimage</Name>
              <LogicalName>entityimage</LogicalName>
              <RequiredLevel>none</RequiredLevel>
              <DisplayMask>DenormalizedChild|PrimaryImage</DisplayMask>
              <ImeMode>disabled</ImeMode>
              <ValidForUpdateApi>1</ValidForUpdateApi>
              <ValidForReadApi>1</ValidForReadApi>
              <ValidForCreateApi>1</ValidForCreateApi>
              <IsCustomField>0</IsCustomField>
              <IsAuditEnabled>0</IsAuditEnabled>
              <IsLogical>1</IsLogical>
              <IsSecured>0</IsSecured>
              <IntroducedVersion>6.0.0.0</IntroducedVersion>
              <IsCustomizable>1</IsCustomizable>
              <IsRenameable>1</IsRenameable>
              <CanModifySearchSettings>0</CanModifySearchSettings>
              <CanModifyRequirementLevelSettings>0</CanModifyRequirementLevelSettings>
              <CanModifyAdditionalSettings>0</CanModifyAdditionalSettings>
              <SourceType>0</SourceType>
              <IsGlobalFilterEnabled>0</IsGlobalFilterEnabled>
              <IsSortableEnabled>0</IsSortableEnabled>
              <CanModifyGlobalFilterSettings>1</CanModifyGlobalFilterSettings>
              <CanModifyIsSortableSettings>1</CanModifyIsSortableSettings>
              <IsDataSourceSecret>0</IsDataSourceSecret>
              <AutoNumberFormat></AutoNumberFormat>
              <IsSearchable>0</IsSearchable>
              <IsFilterable>0</IsFilterable>
              <IsRetrievable>0</IsRetrievable>
              <IsLocalizable>0</IsLocalizable>
              <Format>jpeg</Format>
              <MaxLength>9437328</MaxLength>
              <displaynames>
                <displayname description="Entity Image" languagecode="1033" />
              </displaynames>
              <Descriptions>
                <Description description="Shows the default image for the record." languagecode="1033" />
              </Descriptions>
            </attribute>
            <attribute PhysicalName="ExchangeRate">
              <Type>decimal</Type>
              <Name>exchangerate</Name>
              <LogicalName>exchangerate</LogicalName>
              <RequiredLevel>none</RequiredLevel>
              <DisplayMask>ValidForAdvancedFind|ValidForForm|ValidForGrid</DisplayMask>
              <ImeMode>disabled</ImeMode>
              <ValidForUpdateApi>0</ValidForUpdateApi>
              <ValidForReadApi>1</ValidForReadApi>
              <ValidForCreateApi>0</ValidForCreateApi>
              <IsCustomField>0</IsCustomField>
              <IsAuditEnabled>1</IsAuditEnabled>
              <IsSecured>0</IsSecured>
              <IntroducedVersion>5.0.0.0</IntroducedVersion>
              <IsCustomizable>1</IsCustomizable>
              <IsRenameable>1</IsRenameable>
              <CanModifySearchSettings>1</CanModifySearchSettings>
              <CanModifyRequirementLevelSettings>1</CanModifyRequirementLevelSettings>
              <CanModifyAdditionalSettings>1</CanModifyAdditionalSettings>
              <SourceType>0</SourceType>
              <IsGlobalFilterEnabled>0</IsGlobalFilterEnabled>
              <IsSortableEnabled>0</IsSortableEnabled>
              <CanModifyGlobalFilterSettings>1</CanModifyGlobalFilterSettings>
              <CanModifyIsSortableSettings>1</CanModifyIsSortableSettings>
              <IsDataSourceSecret>0</IsDataSourceSecret>
              <AutoNumberFormat></AutoNumberFormat>
              <IsSearchable>0</IsSearchable>
              <IsFilterable>0</IsFilterable>
              <IsRetrievable>0</IsRetrievable>
              <IsLocalizable>0</IsLocalizable>
              <MinValue>1E-12</MinValue>
              <MaxValue>100000000000</MaxValue>
              <Accuracy>12</Accuracy>
              <displaynames>
                <displayname description="Exchange Rate" languagecode="1033" />
              </displaynames>
              <Descriptions>
                <Description description="Shows the conversion rate of the record's currency. The exchange rate is used to convert all money fields in the record from the local currency to the system's default currency." languagecode="1033" />
              </Descriptions>
            </attribute>
          </attributes>
          <EntitySetName>competitors</EntitySetName>
          <IsDuplicateCheckSupported>1</IsDuplicateCheckSupported>
          <IsBusinessProcessEnabled>1</IsBusinessProcessEnabled>
          <IsRequiredOffline>0</IsRequiredOffline>
          <IsInteractionCentricEnabled>0</IsInteractionCentricEnabled>
          <IsCollaboration>0</IsCollaboration>
          <AutoRouteToOwnerQueue>0</AutoRouteToOwnerQueue>
          <IsConnectionsEnabled>1</IsConnectionsEnabled>
          <IsDocumentManagementEnabled>0</IsDocumentManagementEnabled>
          <AutoCreateAccessTeams>0</AutoCreateAccessTeams>
          <IsOneNoteIntegrationEnabled>0</IsOneNoteIntegrationEnabled>
          <IsKnowledgeManagementEnabled>0</IsKnowledgeManagementEnabled>
          <IsSLAEnabled>0</IsSLAEnabled>
          <IsDocumentRecommendationsEnabled>0</IsDocumentRecommendationsEnabled>
          <IsBPFEntity>0</IsBPFEntity>
          <OwnershipTypeMask>OrgOwned</OwnershipTypeMask>
          <IsAuditEnabled>0</IsAuditEnabled>
          <IsRetrieveAuditEnabled>0</IsRetrieveAuditEnabled>
          <IsRetrieveMultipleAuditEnabled>0</IsRetrieveMultipleAuditEnabled>
          <IsActivity>0</IsActivity>
          <ActivityTypeMask></ActivityTypeMask>
          <IsActivityParty>0</IsActivityParty>
          <IsReplicated>1</IsReplicated>
          <IsReplicationUserFiltered>1</IsReplicationUserFiltered>
          <IsMailMergeEnabled>0</IsMailMergeEnabled>
          <IsVisibleInMobile>1</IsVisibleInMobile>
          <IsVisibleInMobileClient>1</IsVisibleInMobileClient>
          <IsReadOnlyInMobileClient>0</IsReadOnlyInMobileClient>
          <IsOfflineInMobileClient>1</IsOfflineInMobileClient>
          <DaysSinceRecordLastModified>10</DaysSinceRecordLastModified>
          <MobileOfflineFilters>
		&lt;fetch version="1.0" output-format="xml-platform" mapping="logical" distinct="false"&gt;
			&lt;entity name="competitor"&gt;
				&lt;filter type="and"&gt;
					&lt;condition attribute="modifiedon" operator="last-x-days" value="10"/&gt;
				&lt;/filter&gt;
			&lt;/entity&gt;
		&lt;/fetch&gt;
	</MobileOfflineFilters>
          <IsMapiGridEnabled>1</IsMapiGridEnabled>
          <IsReadingPaneEnabled>1</IsReadingPaneEnabled>
          <IsQuickCreateEnabled>1</IsQuickCreateEnabled>
          <SyncToExternalSearchIndex>1</SyncToExternalSearchIndex>
          <IntroducedVersion>5.0.0.0</IntroducedVersion>
          <EnforceStateTransitions>0</EnforceStateTransitions>
          <EntityHelpUrlEnabled>0</EntityHelpUrlEnabled>
          <ChangeTrackingEnabled>1</ChangeTrackingEnabled>
          <IsEnabledForExternalChannels>0</IsEnabledForExternalChannels>
          <IsMSTeamsIntegrationEnabled>0</IsMSTeamsIntegrationEnabled>
          <IsSolutionAware>0</IsSolutionAware>
          <HasRelatedNotes>True</HasRelatedNotes>
        </entity>
      </EntityInfo>
      <RibbonDiffXml>
        <CustomActions />
        <Templates>
          <RibbonTemplates Id="Mscrm.Templates"></RibbonTemplates>
        </Templates>
        <CommandDefinitions />
        <RuleDefinitions>
          <TabDisplayRules />
          <DisplayRules />
          <EnableRules />
        </RuleDefinitions>
        <LocLabels />
      </RibbonDiffXml>
    </Entity>
    <Entity>
      <Name LocalizedName="Contact" OriginalName="">Contact</Name>
      <RibbonDiffXml>
        <CustomActions />
        <Templates>
          <RibbonTemplates Id="Mscrm.Templates"></RibbonTemplates>
        </Templates>
        <CommandDefinitions />
        <RuleDefinitions>
          <TabDisplayRules />
          <DisplayRules />
          <EnableRules />
        </RuleDefinitions>
        <LocLabels />
      </RibbonDiffXml>
    </Entity>
    <Entity>
      <Name LocalizedName="Lead" OriginalName="Lead">Lead</Name>
      <EntityInfo>
        <entity Name="Lead">
          <attributes>
            <attribute PhysicalName="EntityImage">
              <Type>image</Type>
              <Name>entityimage</Name>
              <LogicalName>entityimage</LogicalName>
              <RequiredLevel>none</RequiredLevel>
              <DisplayMask>DenormalizedChild|PrimaryImage</DisplayMask>
              <ImeMode>disabled</ImeMode>
              <ValidForUpdateApi>1</ValidForUpdateApi>
              <ValidForReadApi>1</ValidForReadApi>
              <ValidForCreateApi>1</ValidForCreateApi>
              <IsCustomField>0</IsCustomField>
              <IsAuditEnabled>0</IsAuditEnabled>
              <IsLogical>1</IsLogical>
              <IsSecured>0</IsSecured>
              <IntroducedVersion>6.0.0.0</IntroducedVersion>
              <IsCustomizable>1</IsCustomizable>
              <IsRenameable>1</IsRenameable>
              <CanModifySearchSettings>0</CanModifySearchSettings>
              <CanModifyRequirementLevelSettings>0</CanModifyRequirementLevelSettings>
              <CanModifyAdditionalSettings>0</CanModifyAdditionalSettings>
              <SourceType>0</SourceType>
              <IsGlobalFilterEnabled>0</IsGlobalFilterEnabled>
              <IsSortableEnabled>0</IsSortableEnabled>
              <CanModifyGlobalFilterSettings>1</CanModifyGlobalFilterSettings>
              <CanModifyIsSortableSettings>1</CanModifyIsSortableSettings>
              <IsDataSourceSecret>0</IsDataSourceSecret>
              <AutoNumberFormat></AutoNumberFormat>
              <IsSearchable>0</IsSearchable>
              <IsFilterable>0</IsFilterable>
              <IsRetrievable>0</IsRetrievable>
              <IsLocalizable>0</IsLocalizable>
              <Format>jpeg</Format>
              <MaxLength>9437328</MaxLength>
              <displaynames>
                <displayname description="Entity Image" languagecode="1033" />
              </displaynames>
              <Descriptions>
                <Description description="Shows the default image for the record." languagecode="1033" />
              </Descriptions>
            </attribute>
            <attribute PhysicalName="ExchangeRate">
              <Type>decimal</Type>
              <Name>exchangerate</Name>
              <LogicalName>exchangerate</LogicalName>
              <RequiredLevel>none</RequiredLevel>
              <DisplayMask>ValidForAdvancedFind|ValidForForm|ValidForGrid</DisplayMask>
              <ImeMode>disabled</ImeMode>
              <ValidForUpdateApi>0</ValidForUpdateApi>
              <ValidForReadApi>1</ValidForReadApi>
              <ValidForCreateApi>0</ValidForCreateApi>
              <IsCustomField>0</IsCustomField>
              <IsAuditEnabled>1</IsAuditEnabled>
              <IsSecured>0</IsSecured>
              <IntroducedVersion>5.0.0.0</IntroducedVersion>
              <IsCustomizable>1</IsCustomizable>
              <IsRenameable>1</IsRenameable>
              <CanModifySearchSettings>1</CanModifySearchSettings>
              <CanModifyRequirementLevelSettings>1</CanModifyRequirementLevelSettings>
              <CanModifyAdditionalSettings>1</CanModifyAdditionalSettings>
              <SourceType>0</SourceType>
              <IsGlobalFilterEnabled>0</IsGlobalFilterEnabled>
              <IsSortableEnabled>0</IsSortableEnabled>
              <CanModifyGlobalFilterSettings>1</CanModifyGlobalFilterSettings>
              <CanModifyIsSortableSettings>1</CanModifyIsSortableSettings>
              <IsDataSourceSecret>0</IsDataSourceSecret>
              <AutoNumberFormat></AutoNumberFormat>
              <IsSearchable>0</IsSearchable>
              <IsFilterable>0</IsFilterable>
              <IsRetrievable>0</IsRetrievable>
              <IsLocalizable>0</IsLocalizable>
              <MinValue>1E-12</MinValue>
              <MaxValue>100000000000</MaxValue>
              <Accuracy>12</Accuracy>
              <displaynames>
                <displayname description="Exchange Rate" languagecode="1033" />
              </displaynames>
              <Descriptions>
                <Description description="Shows the conversion rate of the record's currency. The exchange rate is used to convert all money fields in the record from the local currency to the system's default currency." languagecode="1033" />
              </Descriptions>
            </attribute>
          </attributes>
          <EntitySetName>leads</EntitySetName>
          <IsDuplicateCheckSupported>1</IsDuplicateCheckSupported>
          <IsBusinessProcessEnabled>1</IsBusinessProcessEnabled>
          <IsRequiredOffline>0</IsRequiredOffline>
          <IsInteractionCentricEnabled>0</IsInteractionCentricEnabled>
          <IsCollaboration>0</IsCollaboration>
          <AutoRouteToOwnerQueue>0</AutoRouteToOwnerQueue>
          <IsConnectionsEnabled>1</IsConnectionsEnabled>
          <EntityColor>#0071C5</EntityColor>
          <IsDocumentManagementEnabled>1</IsDocumentManagementEnabled>
          <AutoCreateAccessTeams>0</AutoCreateAccessTeams>
          <IsOneNoteIntegrationEnabled>1</IsOneNoteIntegrationEnabled>
          <IsKnowledgeManagementEnabled>0</IsKnowledgeManagementEnabled>
          <IsSLAEnabled>0</IsSLAEnabled>
          <IsDocumentRecommendationsEnabled>0</IsDocumentRecommendationsEnabled>
          <IsBPFEntity>0</IsBPFEntity>
          <OwnershipTypeMask>UserOwned</OwnershipTypeMask>
          <EntityMask>ActivityPointer</EntityMask>
          <IsAuditEnabled>0</IsAuditEnabled>
          <IsRetrieveAuditEnabled>0</IsRetrieveAuditEnabled>
          <IsRetrieveMultipleAuditEnabled>0</IsRetrieveMultipleAuditEnabled>
          <IsActivity>0</IsActivity>
          <ActivityTypeMask></ActivityTypeMask>
          <IsActivityParty>1</IsActivityParty>
          <IsReplicated>1</IsReplicated>
          <IsReplicationUserFiltered>1</IsReplicationUserFiltered>
          <IsMailMergeEnabled>1</IsMailMergeEnabled>
          <IsVisibleInMobile>1</IsVisibleInMobile>
          <IsVisibleInMobileClient>1</IsVisibleInMobileClient>
          <IsReadOnlyInMobileClient>0</IsReadOnlyInMobileClient>
          <IsOfflineInMobileClient>1</IsOfflineInMobileClient>
          <DaysSinceRecordLastModified>10</DaysSinceRecordLastModified>
          <MobileOfflineFilters>
				&lt;fetch version="1.0" output-format="xml-platform" mapping="logical" distinct="false"&gt;
					&lt;entity name="lead"&gt;
						&lt;filter type="and"&gt;
							&lt;condition attribute="modifiedon" operator="last-x-days" value="10"/&gt;
						&lt;/filter&gt;
					&lt;/entity&gt;
				&lt;/fetch&gt;
      </MobileOfflineFilters>
          <IsMapiGridEnabled>1</IsMapiGridEnabled>
          <IsReadingPaneEnabled>1</IsReadingPaneEnabled>
          <IsQuickCreateEnabled>1</IsQuickCreateEnabled>
          <SyncToExternalSearchIndex>1</SyncToExternalSearchIndex>
          <IntroducedVersion>5.0.0.0</IntroducedVersion>
          <EnforceStateTransitions>0</EnforceStateTransitions>
          <EntityHelpUrlEnabled>0</EntityHelpUrlEnabled>
          <ChangeTrackingEnabled>1</ChangeTrackingEnabled>
          <IsEnabledForExternalChannels>0</IsEnabledForExternalChannels>
          <IsMSTeamsIntegrationEnabled>0</IsMSTeamsIntegrationEnabled>
          <IsSolutionAware>0</IsSolutionAware>
          <HasRelatedNotes>True</HasRelatedNotes>
          <HasRelatedActivities>True</HasRelatedActivities>
        </entity>
      </EntityInfo>
      <RibbonDiffXml>
        <CustomActions />
        <Templates>
          <RibbonTemplates Id="Mscrm.Templates"></RibbonTemplates>
        </Templates>
        <CommandDefinitions />
        <RuleDefinitions>
          <TabDisplayRules />
          <DisplayRules />
          <EnableRules />
        </RuleDefinitions>
        <LocLabels />
      </RibbonDiffXml>
    </Entity>
    <Entity>
      <Name LocalizedName="Opportunity" OriginalName="Opportunity">Opportunity</Name>
      <EntityInfo>
        <entity Name="Opportunity">
          <attributes>
            <attribute PhysicalName="ExchangeRate">
              <Type>decimal</Type>
              <Name>exchangerate</Name>
              <LogicalName>exchangerate</LogicalName>
              <RequiredLevel>none</RequiredLevel>
              <DisplayMask>ValidForAdvancedFind|ValidForForm|ValidForGrid</DisplayMask>
              <ImeMode>disabled</ImeMode>
              <ValidForUpdateApi>0</ValidForUpdateApi>
              <ValidForReadApi>1</ValidForReadApi>
              <ValidForCreateApi>0</ValidForCreateApi>
              <IsCustomField>0</IsCustomField>
              <IsAuditEnabled>1</IsAuditEnabled>
              <IsSecured>0</IsSecured>
              <IntroducedVersion>5.0.0.0</IntroducedVersion>
              <IsCustomizable>1</IsCustomizable>
              <IsRenameable>1</IsRenameable>
              <CanModifySearchSettings>1</CanModifySearchSettings>
              <CanModifyRequirementLevelSettings>1</CanModifyRequirementLevelSettings>
              <CanModifyAdditionalSettings>1</CanModifyAdditionalSettings>
              <SourceType>0</SourceType>
              <IsGlobalFilterEnabled>0</IsGlobalFilterEnabled>
              <IsSortableEnabled>0</IsSortableEnabled>
              <CanModifyGlobalFilterSettings>1</CanModifyGlobalFilterSettings>
              <CanModifyIsSortableSettings>1</CanModifyIsSortableSettings>
              <IsDataSourceSecret>0</IsDataSourceSecret>
              <AutoNumberFormat></AutoNumberFormat>
              <IsSearchable>0</IsSearchable>
              <IsFilterable>0</IsFilterable>
              <IsRetrievable>0</IsRetrievable>
              <IsLocalizable>0</IsLocalizable>
              <MinValue>1E-12</MinValue>
              <MaxValue>100000000000</MaxValue>
              <Accuracy>12</Accuracy>
              <displaynames>
                <displayname description="Exchange Rate" languagecode="1033" />
              </displaynames>
              <Descriptions>
                <Description description="Shows the conversion rate of the record's currency. The exchange rate is used to convert all money fields in the record from the local currency to the system's default currency." languagecode="1033" />
              </Descriptions>
            </attribute>
          </attributes>
          <EntitySetName>opportunities</EntitySetName>
          <IsDuplicateCheckSupported>1</IsDuplicateCheckSupported>
          <IsBusinessProcessEnabled>1</IsBusinessProcessEnabled>
          <IsRequiredOffline>0</IsRequiredOffline>
          <IsInteractionCentricEnabled>0</IsInteractionCentricEnabled>
          <IsCollaboration>0</IsCollaboration>
          <AutoRouteToOwnerQueue>0</AutoRouteToOwnerQueue>
          <IsConnectionsEnabled>1</IsConnectionsEnabled>
          <EntityColor>#3E7239</EntityColor>
          <IsDocumentManagementEnabled>1</IsDocumentManagementEnabled>
          <AutoCreateAccessTeams>1</AutoCreateAccessTeams>
          <IsOneNoteIntegrationEnabled>1</IsOneNoteIntegrationEnabled>
          <IsKnowledgeManagementEnabled>0</IsKnowledgeManagementEnabled>
          <IsSLAEnabled>0</IsSLAEnabled>
          <IsDocumentRecommendationsEnabled>0</IsDocumentRecommendationsEnabled>
          <IsBPFEntity>0</IsBPFEntity>
          <OwnershipTypeMask>UserOwned</OwnershipTypeMask>
          <EntityMask>ActivityPointer</EntityMask>
          <IsAuditEnabled>0</IsAuditEnabled>
          <IsRetrieveAuditEnabled>0</IsRetrieveAuditEnabled>
          <IsRetrieveMultipleAuditEnabled>0</IsRetrieveMultipleAuditEnabled>
          <IsActivity>0</IsActivity>
          <ActivityTypeMask></ActivityTypeMask>
          <IsActivityParty>1</IsActivityParty>
          <IsReplicated>1</IsReplicated>
          <IsReplicationUserFiltered>1</IsReplicationUserFiltered>
          <IsMailMergeEnabled>1</IsMailMergeEnabled>
          <IsVisibleInMobile>1</IsVisibleInMobile>
          <IsVisibleInMobileClient>1</IsVisibleInMobileClient>
          <IsReadOnlyInMobileClient>0</IsReadOnlyInMobileClient>
          <IsOfflineInMobileClient>1</IsOfflineInMobileClient>
          <DaysSinceRecordLastModified>10</DaysSinceRecordLastModified>
          <MobileOfflineFilters>
		&lt;fetch version="1.0" output-format="xml-platform" mapping="logical" distinct="false"&gt;
			&lt;entity name="opportunity"&gt;
				&lt;filter type="and"&gt;
					&lt;condition attribute="modifiedon" operator="last-x-days" value="10"/&gt;
				&lt;/filter&gt;
			&lt;/entity&gt;
		&lt;/fetch&gt;
	</MobileOfflineFilters>
          <IsMapiGridEnabled>1</IsMapiGridEnabled>
          <IsReadingPaneEnabled>1</IsReadingPaneEnabled>
          <IsQuickCreateEnabled>1</IsQuickCreateEnabled>
          <SyncToExternalSearchIndex>1</SyncToExternalSearchIndex>
          <IntroducedVersion>5.0.0.0</IntroducedVersion>
          <EnforceStateTransitions>0</EnforceStateTransitions>
          <EntityHelpUrlEnabled>0</EntityHelpUrlEnabled>
          <ChangeTrackingEnabled>1</ChangeTrackingEnabled>
          <IsEnabledForExternalChannels>0</IsEnabledForExternalChannels>
          <IsMSTeamsIntegrationEnabled>0</IsMSTeamsIntegrationEnabled>
          <IsSolutionAware>0</IsSolutionAware>
          <HasRelatedNotes>True</HasRelatedNotes>
          <HasRelatedActivities>True</HasRelatedActivities>
        </entity>
      </EntityInfo>
      <RibbonDiffXml>
        <CustomActions />
        <Templates>
          <RibbonTemplates Id="Mscrm.Templates"></RibbonTemplates>
        </Templates>
        <CommandDefinitions />
        <RuleDefinitions>
          <TabDisplayRules />
          <DisplayRules />
          <EnableRules />
        </RuleDefinitions>
        <LocLabels />
      </RibbonDiffXml>
    </Entity>
  </Entities>
  <Roles></Roles>
  <Workflows>
    <Workflow WorkflowId="{4ddcdfb1-9160-ef11-bfe3-000d3a2845e3}" Name="buscar CEP">
      <XamlFileName>/Workflows/buscarCEP-4DDCDFB1-9160-EF11-BFE3-000D3A2845E3.xaml</XamlFileName>
      <Type>1</Type>
      <Subprocess>0</Subprocess>
      <Category>3</Category>
      <Mode>0</Mode>
      <Scope>4</Scope>
      <OnDemand>0</OnDemand>
      <TriggerOnCreate>0</TriggerOnCreate>
      <TriggerOnDelete>0</TriggerOnDelete>
      <AsyncAutodelete>0</AsyncAutodelete>
      <SyncWorkflowLogOnFailure>1</SyncWorkflowLogOnFailure>
      <StateCode>0</StateCode>
      <StatusCode>1</StatusCode>
      <CreateStage>40</CreateStage>
      <RunAs>1</RunAs>
      <SdkMessageId>{4edcdfb1-9160-ef11-bfe3-000d3a2845e3}</SdkMessageId>
      <UniqueName>buscarCEP</UniqueName>
      <IsTransacted>1</IsTransacted>
      <IntroducedVersion>1.0.0.0</IntroducedVersion>
      <IsCustomizable>1</IsCustomizable>
      <BusinessProcessType>0</BusinessProcessType>
      <FormId>{00000000-0000-0000-0000-000000000000}</FormId>
      <IsCustomProcessingStepAllowedForOtherPublishers>1</IsCustomProcessingStepAllowedForOtherPublishers>
      <PrimaryEntity>Account</PrimaryEntity>
      <LocalizedNames>
        <LocalizedName languagecode="1033" description="buscar CEP" />
      </LocalizedNames>
    </Workflow>
  </Workflows>
  <FieldSecurityProfiles></FieldSecurityProfiles>
  <Templates />
  <EntityMaps />
  <EntityRelationships>
    <EntityRelationship Name="adx_invitation_invitecontacts">
      <EntityRelationshipType>ManyToMany</EntityRelationshipType>
      <IntroducedVersion>1.0.0.0</IntroducedVersion>
      <IsHierarchical>0</IsHierarchical>
      <FirstEntityName>adx_invitation</FirstEntityName>
      <SecondEntityName>Contact</SecondEntityName>
      <IntersectEntityName>adx_invitation_invitecontacts</IntersectEntityName>
      <IsValidForAdvancedFind>1</IsValidForAdvancedFind>
      <EntityRelationshipRoles>
        <EntityRelationshipRole>
          <NavPaneDisplayOption>DoNotDisplay</NavPaneDisplayOption>
          <NavPaneArea>Details</NavPaneArea>
          <NavPaneOrder>20000</NavPaneOrder>
          <NavigationPropertyName>adx_invitation_invitecontacts</NavigationPropertyName>
          <CustomLabels>
            <CustomLabel description="" languagecode="1033" />
          </CustomLabels>
          <AssociationRoleOrdinal>1</AssociationRoleOrdinal>
        </EntityRelationshipRole>
        <EntityRelationshipRole>
          <NavPaneDisplayOption>UseLabel</NavPaneDisplayOption>
          <NavPaneArea>Details</NavPaneArea>
          <NavPaneOrder>10000</NavPaneOrder>
          <NavigationPropertyName>adx_invitation_invitecontacts</NavigationPropertyName>
          <CustomLabels>
            <CustomLabel description="Invite Contacts" languagecode="1033" />
          </CustomLabels>
          <AssociationRoleOrdinal>2</AssociationRoleOrdinal>
        </EntityRelationshipRole>
      </EntityRelationshipRoles>
    </EntityRelationship>
    <EntityRelationship Name="adx_invitation_redeemedcontacts">
      <EntityRelationshipType>ManyToMany</EntityRelationshipType>
      <IntroducedVersion>1.0.0.0</IntroducedVersion>
      <IsHierarchical>0</IsHierarchical>
      <FirstEntityName>adx_invitation</FirstEntityName>
      <SecondEntityName>Contact</SecondEntityName>
      <IntersectEntityName>adx_invitation_redeemedcontacts</IntersectEntityName>
      <IsValidForAdvancedFind>1</IsValidForAdvancedFind>
      <EntityRelationshipRoles>
        <EntityRelationshipRole>
          <NavPaneDisplayOption>DoNotDisplay</NavPaneDisplayOption>
          <NavPaneArea>Details</NavPaneArea>
          <NavPaneOrder>20000</NavPaneOrder>
          <NavigationPropertyName>adx_invitation_redeemedcontacts</NavigationPropertyName>
          <CustomLabels>
            <CustomLabel description="Redeemed Invitations" languagecode="1033" />
          </CustomLabels>
          <AssociationRoleOrdinal>1</AssociationRoleOrdinal>
        </EntityRelationshipRole>
        <EntityRelationshipRole>
          <NavPaneDisplayOption>UseLabel</NavPaneDisplayOption>
          <NavPaneArea>Details</NavPaneArea>
          <NavPaneOrder>10000</NavPaneOrder>
          <NavigationPropertyName>adx_invitation_redeemedcontacts</NavigationPropertyName>
          <CustomLabels>
            <CustomLabel description="Redeemed Contacts" languagecode="1033" />
          </CustomLabels>
          <AssociationRoleOrdinal>2</AssociationRoleOrdinal>
        </EntityRelationshipRole>
      </EntityRelationshipRoles>
    </EntityRelationship>
    <EntityRelationship Name="msa_account_managingpartner">
      <EntityRelationshipType>OneToMany</EntityRelationshipType>
      <IntroducedVersion>1.0.0.0</IntroducedVersion>
      <IsHierarchical>0</IsHierarchical>
      <ReferencingEntityName>Account</ReferencingEntityName>
      <ReferencedEntityName>Account</ReferencedEntityName>
      <CascadeAssign>NoCascade</CascadeAssign>
      <CascadeDelete>RemoveLink</CascadeDelete>
      <CascadeArchive>NoCascade</CascadeArchive>
      <CascadeReparent>NoCascade</CascadeReparent>
      <CascadeShare>NoCascade</CascadeShare>
      <CascadeUnshare>NoCascade</CascadeUnshare>
      <CascadeRollupView>NoCascade</CascadeRollupView>
      <IsValidForAdvancedFind>1</IsValidForAdvancedFind>
      <ReferencingAttributeName>msa_managingpartnerid</ReferencingAttributeName>
      <RelationshipDescription>
        <Descriptions>
          <Description description="Unique identifier for Account associated with Account." languagecode="1033" />
        </Descriptions>
      </RelationshipDescription>
      <EntityRelationshipRoles>
        <EntityRelationshipRole>
          <NavPaneDisplayOption>UseLabel</NavPaneDisplayOption>
          <NavPaneArea>Details</NavPaneArea>
          <NavPaneOrder>100400</NavPaneOrder>
          <NavigationPropertyName>msa_managingpartnerid</NavigationPropertyName>
          <CustomLabels>
            <CustomLabel description="Managed Accounts" languagecode="1033" />
          </CustomLabels>
          <RelationshipRoleType>1</RelationshipRoleType>
        </EntityRelationshipRole>
        <EntityRelationshipRole>
          <RelationshipRoleType>0</RelationshipRoleType>
        </EntityRelationshipRole>
      </EntityRelationshipRoles>
    </EntityRelationship>
    <EntityRelationship Name="msa_contact_managingpartner">
      <EntityRelationshipType>OneToMany</EntityRelationshipType>
      <IntroducedVersion>1.0.0.0</IntroducedVersion>
      <IsHierarchical>0</IsHierarchical>
      <ReferencingEntityName>Contact</ReferencingEntityName>
      <ReferencedEntityName>Account</ReferencedEntityName>
      <CascadeAssign>NoCascade</CascadeAssign>
      <CascadeDelete>RemoveLink</CascadeDelete>
      <CascadeArchive>NoCascade</CascadeArchive>
      <CascadeReparent>NoCascade</CascadeReparent>
      <CascadeShare>NoCascade</CascadeShare>
      <CascadeUnshare>NoCascade</CascadeUnshare>
      <CascadeRollupView>NoCascade</CascadeRollupView>
      <IsValidForAdvancedFind>1</IsValidForAdvancedFind>
      <ReferencingAttributeName>msa_managingpartnerid</ReferencingAttributeName>
      <RelationshipDescription>
        <Descriptions>
          <Description description="Unique identifier for Account associated with Contact." languagecode="1033" />
        </Descriptions>
      </RelationshipDescription>
      <EntityRelationshipRoles>
        <EntityRelationshipRole>
          <NavPaneDisplayOption>UseLabel</NavPaneDisplayOption>
          <NavPaneArea>Details</NavPaneArea>
          <NavPaneOrder>100500</NavPaneOrder>
          <NavigationPropertyName>msa_managingpartnerid</NavigationPropertyName>
          <CustomLabels>
            <CustomLabel description="Managed Contacts" languagecode="1033" />
          </CustomLabels>
          <RelationshipRoleType>1</RelationshipRoleType>
        </EntityRelationshipRole>
        <EntityRelationshipRole>
          <RelationshipRoleType>0</RelationshipRoleType>
        </EntityRelationshipRole>
      </EntityRelationshipRoles>
    </EntityRelationship>
    <EntityRelationship Name="msdyn_insightsid_salesaccelerationinsights">
      <EntityRelationshipType>OneToMany</EntityRelationshipType>
      <IntroducedVersion>9.1.2201.5003</IntroducedVersion>
      <IsHierarchical>0</IsHierarchical>
      <ReferencingEntityName>Account</ReferencingEntityName>
      <ReferencedEntityName>msdyn_salesaccelerationinsight</ReferencedEntityName>
      <CascadeAssign>NoCascade</CascadeAssign>
      <CascadeDelete>RemoveLink</CascadeDelete>
      <CascadeArchive>NoCascade</CascadeArchive>
      <CascadeReparent>NoCascade</CascadeReparent>
      <CascadeShare>NoCascade</CascadeShare>
      <CascadeUnshare>NoCascade</CascadeUnshare>
      <CascadeRollupView>NoCascade</CascadeRollupView>
      <IsValidForAdvancedFind>1</IsValidForAdvancedFind>
      <ReferencingAttributeName>msdyn_salesaccelerationinsightid</ReferencingAttributeName>
      <RelationshipDescription>
        <Descriptions>
          <Description description="Sales Acceleration Insights ID" languagecode="1033" />
        </Descriptions>
      </RelationshipDescription>
      <EntityRelationshipRoles>
        <EntityRelationshipRole>
          <NavPaneDisplayOption>DoNotDisplay</NavPaneDisplayOption>
          <NavPaneArea>Details</NavPaneArea>
          <NavPaneOrder>10000</NavPaneOrder>
          <NavigationPropertyName>msdyn_salesaccelerationinsightid</NavigationPropertyName>
          <CustomLabels>
            <CustomLabel description="" languagecode="1033" />
          </CustomLabels>
          <RelationshipRoleType>1</RelationshipRoleType>
        </EntityRelationshipRole>
        <EntityRelationshipRole>
          <RelationshipRoleType>0</RelationshipRoleType>
        </EntityRelationshipRole>
      </EntityRelationshipRoles>
    </EntityRelationship>
    <EntityRelationship Name="msdyn_msdyn_accountkpiitem_account_accountkpiid">
      <EntityRelationshipType>OneToMany</EntityRelationshipType>
      <IntroducedVersion>1.0</IntroducedVersion>
      <IsHierarchical>0</IsHierarchical>
      <ReferencingEntityName>Account</ReferencingEntityName>
      <ReferencedEntityName>msdyn_accountkpiitem</ReferencedEntityName>
      <CascadeAssign>NoCascade</CascadeAssign>
      <CascadeDelete>RemoveLink</CascadeDelete>
      <CascadeArchive>NoCascade</CascadeArchive>
      <CascadeReparent>NoCascade</CascadeReparent>
      <CascadeShare>NoCascade</CascadeShare>
      <CascadeUnshare>NoCascade</CascadeUnshare>
      <CascadeRollupView>NoCascade</CascadeRollupView>
      <IsValidForAdvancedFind>1</IsValidForAdvancedFind>
      <ReferencingAttributeName>msdyn_accountkpiid</ReferencingAttributeName>
      <RelationshipDescription>
        <Descriptions>
          <Description description="" languagecode="1033" />
        </Descriptions>
      </RelationshipDescription>
      <EntityRelationshipRoles>
        <EntityRelationshipRole>
          <NavPaneDisplayOption>DoNotDisplay</NavPaneDisplayOption>
          <NavPaneArea>Details</NavPaneArea>
          <NavPaneOrder>10000</NavPaneOrder>
          <NavigationPropertyName>msdyn_accountkpiid</NavigationPropertyName>
          <CustomLabels>
            <CustomLabel description="" languagecode="1033" />
          </CustomLabels>
          <RelationshipRoleType>1</RelationshipRoleType>
        </EntityRelationshipRole>
        <EntityRelationshipRole>
          <RelationshipRoleType>0</RelationshipRoleType>
        </EntityRelationshipRole>
      </EntityRelationshipRoles>
    </EntityRelationship>
    <EntityRelationship Name="msdyn_msdyn_contactkpiitem_contact_contactkpiid">
      <EntityRelationshipType>OneToMany</EntityRelationshipType>
      <IntroducedVersion>1.0</IntroducedVersion>
      <IsHierarchical>0</IsHierarchical>
      <ReferencingEntityName>Contact</ReferencingEntityName>
      <ReferencedEntityName>msdyn_contactkpiitem</ReferencedEntityName>
      <CascadeAssign>NoCascade</CascadeAssign>
      <CascadeDelete>RemoveLink</CascadeDelete>
      <CascadeArchive>NoCascade</CascadeArchive>
      <CascadeReparent>NoCascade</CascadeReparent>
      <CascadeShare>NoCascade</CascadeShare>
      <CascadeUnshare>NoCascade</CascadeUnshare>
      <CascadeRollupView>NoCascade</CascadeRollupView>
      <IsValidForAdvancedFind>1</IsValidForAdvancedFind>
      <ReferencingAttributeName>msdyn_contactkpiid</ReferencingAttributeName>
      <RelationshipDescription>
        <Descriptions>
          <Description description="Maps to contact KPI records" languagecode="1033" />
        </Descriptions>
      </RelationshipDescription>
      <EntityRelationshipRoles>
        <EntityRelationshipRole>
          <NavPaneDisplayOption>DoNotDisplay</NavPaneDisplayOption>
          <NavPaneArea>Details</NavPaneArea>
          <NavPaneOrder>10000</NavPaneOrder>
          <NavigationPropertyName>msdyn_contactkpiid</NavigationPropertyName>
          <CustomLabels>
            <CustomLabel description="" languagecode="1033" />
          </CustomLabels>
          <RelationshipRoleType>1</RelationshipRoleType>
        </EntityRelationshipRole>
        <EntityRelationshipRole>
          <RelationshipRoleType>0</RelationshipRoleType>
        </EntityRelationshipRole>
      </EntityRelationshipRoles>
    </EntityRelationship>
    <EntityRelationship Name="msdyn_msdyn_functionallocation_account">
      <EntityRelationshipType>ManyToMany</EntityRelationshipType>
      <IntroducedVersion>1.0.0.58</IntroducedVersion>
      <IsHierarchical>0</IsHierarchical>
      <FirstEntityName>msdyn_FunctionalLocation</FirstEntityName>
      <SecondEntityName>Account</SecondEntityName>
      <IntersectEntityName>msdyn_msdyn_functionallocation_account</IntersectEntityName>
      <IsValidForAdvancedFind>1</IsValidForAdvancedFind>
      <EntityRelationshipRoles>
        <EntityRelationshipRole>
          <NavPaneDisplayOption>UseCollectionName</NavPaneDisplayOption>
          <NavPaneArea>Details</NavPaneArea>
          <NavPaneOrder>10000</NavPaneOrder>
          <NavigationPropertyName>msdyn_msdyn_functionallocation_account</NavigationPropertyName>
          <AssociationRoleOrdinal>1</AssociationRoleOrdinal>
        </EntityRelationshipRole>
        <EntityRelationshipRole>
          <NavPaneDisplayOption>UseCollectionName</NavPaneDisplayOption>
          <NavPaneArea>Details</NavPaneArea>
          <NavPaneOrder>10000</NavPaneOrder>
          <NavigationPropertyName>msdyn_msdyn_functionallocation_account</NavigationPropertyName>
          <AssociationRoleOrdinal>2</AssociationRoleOrdinal>
        </EntityRelationshipRole>
      </EntityRelationshipRoles>
    </EntityRelationship>
    <EntityRelationship Name="msdyn_msdyn_leadkpiitem_lead_leadkpiid">
      <EntityRelationshipType>OneToMany</EntityRelationshipType>
      <IntroducedVersion>1.0</IntroducedVersion>
      <IsHierarchical>0</IsHierarchical>
      <ReferencingEntityName>Lead</ReferencingEntityName>
      <ReferencedEntityName>msdyn_leadkpiitem</ReferencedEntityName>
      <CascadeAssign>NoCascade</CascadeAssign>
      <CascadeDelete>RemoveLink</CascadeDelete>
      <CascadeArchive>NoCascade</CascadeArchive>
      <CascadeReparent>NoCascade</CascadeReparent>
      <CascadeShare>NoCascade</CascadeShare>
      <CascadeUnshare>NoCascade</CascadeUnshare>
      <CascadeRollupView>NoCascade</CascadeRollupView>
      <IsValidForAdvancedFind>1</IsValidForAdvancedFind>
      <ReferencingAttributeName>msdyn_leadkpiid</ReferencingAttributeName>
      <RelationshipDescription>
        <Descriptions>
          <Description description="LeadKPIId" languagecode="1033" />
        </Descriptions>
      </RelationshipDescription>
      <EntityRelationshipRoles>
        <EntityRelationshipRole>
          <NavPaneDisplayOption>DoNotDisplay</NavPaneDisplayOption>
          <NavPaneArea>Details</NavPaneArea>
          <NavPaneOrder>10000</NavPaneOrder>
          <NavigationPropertyName>msdyn_leadkpiid</NavigationPropertyName>
          <CustomLabels>
            <CustomLabel description="" languagecode="1033" />
          </CustomLabels>
          <RelationshipRoleType>1</RelationshipRoleType>
        </EntityRelationshipRole>
        <EntityRelationshipRole>
          <RelationshipRoleType>0</RelationshipRoleType>
        </EntityRelationshipRole>
      </EntityRelationshipRoles>
    </EntityRelationship>
    <EntityRelationship Name="msdyn_msdyn_opportunitykpiitem_opportunity_opportunitykpiid">
      <EntityRelationshipType>OneToMany</EntityRelationshipType>
      <IntroducedVersion>1.0</IntroducedVersion>
      <IsHierarchical>0</IsHierarchical>
      <ReferencingEntityName>Opportunity</ReferencingEntityName>
      <ReferencedEntityName>msdyn_opportunitykpiitem</ReferencedEntityName>
      <CascadeAssign>NoCascade</CascadeAssign>
      <CascadeDelete>RemoveLink</CascadeDelete>
      <CascadeArchive>NoCascade</CascadeArchive>
      <CascadeReparent>NoCascade</CascadeReparent>
      <CascadeShare>NoCascade</CascadeShare>
      <CascadeUnshare>NoCascade</CascadeUnshare>
      <CascadeRollupView>NoCascade</CascadeRollupView>
      <IsValidForAdvancedFind>1</IsValidForAdvancedFind>
      <ReferencingAttributeName>msdyn_opportunitykpiid</ReferencingAttributeName>
      <RelationshipDescription>
        <Descriptions>
          <Description description="Maps to opportunity KPI records" languagecode="1033" />
        </Descriptions>
      </RelationshipDescription>
      <EntityRelationshipRoles>
        <EntityRelationshipRole>
          <NavPaneDisplayOption>DoNotDisplay</NavPaneDisplayOption>
          <NavPaneArea>Details</NavPaneArea>
          <NavPaneOrder>10000</NavPaneOrder>
          <NavigationPropertyName>msdyn_opportunitykpiid</NavigationPropertyName>
          <CustomLabels>
            <CustomLabel description="" languagecode="1033" />
          </CustomLabels>
          <RelationshipRoleType>1</RelationshipRoleType>
        </EntityRelationshipRole>
        <EntityRelationshipRole>
          <RelationshipRoleType>0</RelationshipRoleType>
        </EntityRelationshipRole>
      </EntityRelationshipRoles>
    </EntityRelationship>
    <EntityRelationship Name="msdyn_msdyn_predictivescore_lead">
      <EntityRelationshipType>OneToMany</EntityRelationshipType>
      <IntroducedVersion>1.0.0.0</IntroducedVersion>
      <IsHierarchical>0</IsHierarchical>
      <ReferencingEntityName>Lead</ReferencingEntityName>
      <ReferencedEntityName>msdyn_predictivescore</ReferencedEntityName>
      <CascadeAssign>NoCascade</CascadeAssign>
      <CascadeDelete>RemoveLink</CascadeDelete>
      <CascadeArchive>NoCascade</CascadeArchive>
      <CascadeReparent>NoCascade</CascadeReparent>
      <CascadeShare>NoCascade</CascadeShare>
      <CascadeUnshare>NoCascade</CascadeUnshare>
      <CascadeRollupView>NoCascade</CascadeRollupView>
      <IsValidForAdvancedFind>1</IsValidForAdvancedFind>
      <ReferencingAttributeName>msdyn_PredictiveScoreId</ReferencingAttributeName>
      <RelationshipDescription>
        <Descriptions>
          <Description description="Predictive score" languagecode="1033" />
        </Descriptions>
      </RelationshipDescription>
      <EntityRelationshipRoles>
        <EntityRelationshipRole>
          <NavPaneDisplayOption>DoNotDisplay</NavPaneDisplayOption>
          <NavPaneArea>Details</NavPaneArea>
          <NavPaneOrder>10000</NavPaneOrder>
          <NavigationPropertyName>msdyn_PredictiveScoreId</NavigationPropertyName>
          <RelationshipRoleType>1</RelationshipRoleType>
        </EntityRelationshipRole>
        <EntityRelationshipRole>
          <RelationshipRoleType>0</RelationshipRoleType>
        </EntityRelationshipRole>
      </EntityRelationshipRoles>
    </EntityRelationship>
    <EntityRelationship Name="msdyn_msdyn_predictivescore_opportunity">
      <EntityRelationshipType>OneToMany</EntityRelationshipType>
      <IntroducedVersion>1.0.0.0</IntroducedVersion>
      <IsHierarchical>0</IsHierarchical>
      <ReferencingEntityName>Opportunity</ReferencingEntityName>
      <ReferencedEntityName>msdyn_predictivescore</ReferencedEntityName>
      <CascadeAssign>NoCascade</CascadeAssign>
      <CascadeDelete>RemoveLink</CascadeDelete>
      <CascadeArchive>NoCascade</CascadeArchive>
      <CascadeReparent>NoCascade</CascadeReparent>
      <CascadeShare>NoCascade</CascadeShare>
      <CascadeUnshare>NoCascade</CascadeUnshare>
      <CascadeRollupView>NoCascade</CascadeRollupView>
      <IsValidForAdvancedFind>1</IsValidForAdvancedFind>
      <ReferencingAttributeName>msdyn_PredictiveScoreId</ReferencingAttributeName>
      <RelationshipDescription>
        <Descriptions>
          <Description description="Predictive score" languagecode="1033" />
        </Descriptions>
      </RelationshipDescription>
      <EntityRelationshipRoles>
        <EntityRelationshipRole>
          <NavPaneDisplayOption>DoNotDisplay</NavPaneDisplayOption>
          <NavigationPropertyName>msdyn_PredictiveScoreId</NavigationPropertyName>
          <RelationshipRoleType>1</RelationshipRoleType>
        </EntityRelationshipRole>
        <EntityRelationshipRole>
          <RelationshipRoleType>0</RelationshipRoleType>
        </EntityRelationshipRole>
      </EntityRelationshipRoles>
    </EntityRelationship>
    <EntityRelationship Name="msdyn_msdyn_segment_lead">
      <EntityRelationshipType>OneToMany</EntityRelationshipType>
      <IntroducedVersion>9.1.0.0</IntroducedVersion>
      <IsHierarchical>0</IsHierarchical>
      <ReferencingEntityName>Lead</ReferencingEntityName>
      <ReferencedEntityName>msdyn_segment</ReferencedEntityName>
      <CascadeAssign>NoCascade</CascadeAssign>
      <CascadeDelete>RemoveLink</CascadeDelete>
      <CascadeArchive>NoCascade</CascadeArchive>
      <CascadeReparent>NoCascade</CascadeReparent>
      <CascadeShare>NoCascade</CascadeShare>
      <CascadeUnshare>NoCascade</CascadeUnshare>
      <CascadeRollupView>NoCascade</CascadeRollupView>
      <IsValidForAdvancedFind>1</IsValidForAdvancedFind>
      <ReferencingAttributeName>msdyn_segmentid</ReferencingAttributeName>
      <RelationshipDescription>
        <Descriptions>
          <Description description="Unique identifier for Segment associated with Lead." languagecode="1033" />
        </Descriptions>
      </RelationshipDescription>
      <EntityRelationshipRoles>
        <EntityRelationshipRole>
          <NavPaneDisplayOption>UseCollectionName</NavPaneDisplayOption>
          <NavPaneArea>Details</NavPaneArea>
          <NavPaneOrder>10000</NavPaneOrder>
          <NavigationPropertyName>msdyn_segmentid</NavigationPropertyName>
          <RelationshipRoleType>1</RelationshipRoleType>
        </EntityRelationshipRole>
        <EntityRelationshipRole>
          <RelationshipRoleType>0</RelationshipRoleType>
        </EntityRelationshipRole>
      </EntityRelationshipRoles>
    </EntityRelationship>
    <EntityRelationship Name="msdyn_msdyn_segment_opportunity">
      <EntityRelationshipType>OneToMany</EntityRelationshipType>
      <IntroducedVersion>9.1.0.0</IntroducedVersion>
      <IsHierarchical>0</IsHierarchical>
      <ReferencingEntityName>Opportunity</ReferencingEntityName>
      <ReferencedEntityName>msdyn_segment</ReferencedEntityName>
      <CascadeAssign>NoCascade</CascadeAssign>
      <CascadeDelete>RemoveLink</CascadeDelete>
      <CascadeArchive>NoCascade</CascadeArchive>
      <CascadeReparent>NoCascade</CascadeReparent>
      <CascadeShare>NoCascade</CascadeShare>
      <CascadeUnshare>NoCascade</CascadeUnshare>
      <CascadeRollupView>NoCascade</CascadeRollupView>
      <IsValidForAdvancedFind>1</IsValidForAdvancedFind>
      <ReferencingAttributeName>msdyn_segmentid</ReferencingAttributeName>
      <RelationshipDescription>
        <Descriptions>
          <Description description="Unique identifier for Segment associated with Opportunity." languagecode="1033" />
        </Descriptions>
      </RelationshipDescription>
      <EntityRelationshipRoles>
        <EntityRelationshipRole>
          <NavPaneDisplayOption>UseCollectionName</NavPaneDisplayOption>
          <NavPaneArea>Details</NavPaneArea>
          <NavPaneOrder>10000</NavPaneOrder>
          <NavigationPropertyName>msdyn_segmentid</NavigationPropertyName>
          <RelationshipRoleType>1</RelationshipRoleType>
        </EntityRelationshipRole>
        <EntityRelationshipRole>
          <RelationshipRoleType>0</RelationshipRoleType>
        </EntityRelationshipRole>
      </EntityRelationshipRoles>
    </EntityRelationship>
    <EntityRelationship Name="msdyn_msdyn_warranty_account">
      <EntityRelationshipType>ManyToMany</EntityRelationshipType>
      <IntroducedVersion>1.0.30.0</IntroducedVersion>
      <IsHierarchical>0</IsHierarchical>
      <FirstEntityName>msdyn_Warranty</FirstEntityName>
      <SecondEntityName>Account</SecondEntityName>
      <IntersectEntityName>msdyn_msdyn_warranty_account</IntersectEntityName>
      <IsValidForAdvancedFind>1</IsValidForAdvancedFind>
      <EntityRelationshipRoles>
        <EntityRelationshipRole>
          <NavPaneDisplayOption>DoNotDisplay</NavPaneDisplayOption>
          <NavPaneArea>Details</NavPaneArea>
          <NavPaneOrder>10000</NavPaneOrder>
          <NavigationPropertyName>msdyn_msdyn_warranty_account</NavigationPropertyName>
          <CustomLabels>
            <CustomLabel description="Warranties Covered By" languagecode="1033" />
          </CustomLabels>
          <AssociationRoleOrdinal>1</AssociationRoleOrdinal>
        </EntityRelationshipRole>
        <EntityRelationshipRole>
          <NavPaneDisplayOption>UseLabel</NavPaneDisplayOption>
          <NavPaneArea>Details</NavPaneArea>
          <NavPaneOrder>10000</NavPaneOrder>
          <NavigationPropertyName>msdyn_msdyn_warranty_account</NavigationPropertyName>
          <CustomLabels>
            <CustomLabel description="Covered Accounts" languagecode="1033" />
          </CustomLabels>
          <AssociationRoleOrdinal>2</AssociationRoleOrdinal>
        </EntityRelationshipRole>
      </EntityRelationshipRoles>
    </EntityRelationship>
    <EntityRelationship Name="powerpagecomponent_mspp_webrole_account">
      <EntityRelationshipType>ManyToMany</EntityRelationshipType>
      <IntroducedVersion>1.0.0.0</IntroducedVersion>
      <IsHierarchical>0</IsHierarchical>
      <FirstEntityName>powerpagecomponent</FirstEntityName>
      <SecondEntityName>Account</SecondEntityName>
      <IntersectEntityName>powerpagecomponent_mspp_webrole_account</IntersectEntityName>
      <IsValidForAdvancedFind>1</IsValidForAdvancedFind>
      <EntityRelationshipRoles>
        <EntityRelationshipRole>
          <NavPaneDisplayOption>DoNotDisplay</NavPaneDisplayOption>
          <NavPaneArea>Details</NavPaneArea>
          <NavPaneOrder>100600</NavPaneOrder>
          <NavigationPropertyName>powerpagecomponent_mspp_webrole_account</NavigationPropertyName>
          <CustomLabels>
            <CustomLabel description="" languagecode="1033" />
          </CustomLabels>
          <AssociationRoleOrdinal>1</AssociationRoleOrdinal>
        </EntityRelationshipRole>
        <EntityRelationshipRole>
          <NavPaneDisplayOption>UseCollectionName</NavPaneDisplayOption>
          <NavPaneArea>Details</NavPaneArea>
          <NavPaneOrder>100100</NavPaneOrder>
          <NavigationPropertyName>powerpagecomponent_mspp_webrole_account</NavigationPropertyName>
          <CustomLabels>
            <CustomLabel description="" languagecode="1033" />
          </CustomLabels>
          <AssociationRoleOrdinal>2</AssociationRoleOrdinal>
        </EntityRelationshipRole>
      </EntityRelationshipRoles>
    </EntityRelationship>
    <EntityRelationship Name="powerpagecomponent_mspp_webrole_contact">
      <EntityRelationshipType>ManyToMany</EntityRelationshipType>
      <IntroducedVersion>1.0.0.0</IntroducedVersion>
      <IsHierarchical>0</IsHierarchical>
      <FirstEntityName>powerpagecomponent</FirstEntityName>
      <SecondEntityName>Contact</SecondEntityName>
      <IntersectEntityName>powerpagecomponent_mspp_webrole_contact</IntersectEntityName>
      <IsValidForAdvancedFind>1</IsValidForAdvancedFind>
      <EntityRelationshipRoles>
        <EntityRelationshipRole>
          <NavPaneDisplayOption>DoNotDisplay</NavPaneDisplayOption>
          <NavPaneArea>Details</NavPaneArea>
          <NavPaneOrder>103100</NavPaneOrder>
          <NavigationPropertyName>powerpagecomponent_mspp_webrole_contact</NavigationPropertyName>
          <CustomLabels>
            <CustomLabel description="" languagecode="1033" />
          </CustomLabels>
          <AssociationRoleOrdinal>1</AssociationRoleOrdinal>
        </EntityRelationshipRole>
        <EntityRelationshipRole>
          <NavPaneDisplayOption>UseCollectionName</NavPaneDisplayOption>
          <NavPaneArea>Details</NavPaneArea>
          <NavPaneOrder>100300</NavPaneOrder>
          <NavigationPropertyName>powerpagecomponent_mspp_webrole_contact</NavigationPropertyName>
          <CustomLabels>
            <CustomLabel description="" languagecode="1033" />
          </CustomLabels>
          <AssociationRoleOrdinal>2</AssociationRoleOrdinal>
        </EntityRelationshipRole>
      </EntityRelationshipRoles>
    </EntityRelationship>
  </EntityRelationships>
  <OrganizationSettings />
  <optionsets />
  <InteractionCentricDashboards>
    <InteractionCentricDashboard>
      <LocalizedNames>
        <LocalizedName description="Leads Dashboard" languagecode="1033" />
      </LocalizedNames>
      <FormId>{9a14ebb4-143e-e711-80e1-00155d871bb4}</FormId>
      <IsDefault>0</IsDefault>
      <FormXml>
        <forms type="interactioncentricdashboard">
          <form>
            <tabs filterby="createdon" timeframe="7" primaryentitylogicalname="lead" entityview="{5A926B99-3A5F-DF11-AE90-00155D2E3002}" dashboardCategory="1_1" tilespresent="false">
              <tab showlabel="true" verticallayout="true" collapsible="true" id="{882e84a0-9536-4721-acf5-28ee5dcc1445}">
                <labels>
                  <label description="Visual Filters" languagecode="1033" />
                </labels>
                <columns>
                  <column width="100%">
                    <sections>
                      <section name="VisualFilters" showlabel="false" showbar="false" columns="111" id="{a0c0ce4a-dff2-439a-8add-976f70fb12b5}">
                        <labels>
                          <label description="Section" languagecode="1033" />
                        </labels>
                        <rows>
                          <row>
                            <cell colspan="1" rowspan="12" showlabel="false" ischartcell="true" id="{c8fda591-d793-486b-a91d-d629e08c10b4}" auto="false">
                              <labels>
                                <label description="Lead" languagecode="1033" />
                              </labels>
                              <control id="Componentb331101" uniqueid="{e4c6a707-b389-68c1-aba1-2d2041431cd2}" classid="{E7A81278-8635-4d9e-8D4D-59480B391C5B}" indicationOfSubgrid="true">
                                <parameters>
                                  <TargetEntityType>lead</TargetEntityType>
                                  <ChartGridMode>Chart</ChartGridMode>
                                  <EnableQuickFind>false</EnableQuickFind>
                                  <EnableViewPicker>false</EnableViewPicker>
                                  <EnableJumpBar>false</EnableJumpBar>
                                  <RecordsPerPage>10</RecordsPerPage>
                                  <HeaderColorCode />
                                  <ViewId>{5A926B99-3A5F-DF11-AE90-00155D2E3002}</ViewId>
                                  <IsUserView>false</IsUserView>
                                  <ViewIds />
                                  <AutoExpand>Fixed</AutoExpand>
                                  <VisualizationId>{D311600C-163A-E711-80E3-00155D42A416}</VisualizationId>
                                  <IsUserChart>false</IsUserChart>
                                  <EnableChartPicker>false</EnableChartPicker>
                                  <RelationshipName />
                                </parameters>
                              </control>
                            </cell>
                            <cell colspan="1" rowspan="12" showlabel="false" ischartcell="true" id="{a40c0d0e-851a-49a6-b572-531b8d6129a4}" auto="false">
                              <labels>
                                <label description="Lead" languagecode="1033" />
                              </labels>
                              <control id="Componentd3ca6ed" uniqueid="{99e786e0-b75c-1488-2e53-0804253a25b5}" classid="{E7A81278-8635-4d9e-8D4D-59480B391C5B}" indicationOfSubgrid="true">
                                <parameters>
                                  <TargetEntityType>lead</TargetEntityType>
                                  <ChartGridMode>Chart</ChartGridMode>
                                  <EnableQuickFind>false</EnableQuickFind>
                                  <EnableViewPicker>false</EnableViewPicker>
                                  <EnableJumpBar>false</EnableJumpBar>
                                  <RecordsPerPage>10</RecordsPerPage>
                                  <HeaderColorCode />
                                  <ViewId>{5A926B99-3A5F-DF11-AE90-00155D2E3002}</ViewId>
                                  <IsUserView>false</IsUserView>
                                  <ViewIds />
                                  <AutoExpand>Fixed</AutoExpand>
                                  <VisualizationId>{F5976C58-5693-DE11-97D4-00155DA3B01E}</VisualizationId>
                                  <IsUserChart>false</IsUserChart>
                                  <EnableChartPicker>false</EnableChartPicker>
                                  <RelationshipName />
                                </parameters>
                              </control>
                            </cell>
                            <cell colspan="1" rowspan="12" showlabel="false" ischartcell="true" id="{85545e97-0104-4f08-a6d5-8beba74d037a}" auto="false">
                              <labels>
                                <label description="Lead" languagecode="1033" />
                              </labels>
                              <control id="Componentf835e12" uniqueid="{73bd691d-c3de-edb2-ca38-bec43ded894c}" classid="{E7A81278-8635-4d9e-8D4D-59480B391C5B}" indicationOfSubgrid="true">
                                <parameters>
                                  <TargetEntityType>lead</TargetEntityType>
                                  <ChartGridMode>Chart</ChartGridMode>
                                  <EnableQuickFind>false</EnableQuickFind>
                                  <EnableViewPicker>false</EnableViewPicker>
                                  <EnableJumpBar>false</EnableJumpBar>
                                  <RecordsPerPage>10</RecordsPerPage>
                                  <HeaderColorCode />
                                  <ViewId>{5A926B99-3A5F-DF11-AE90-00155D2E3002}</ViewId>
                                  <IsUserView>false</IsUserView>
                                  <ViewIds />
                                  <AutoExpand>Fixed</AutoExpand>
                                  <VisualizationId>{B92A5119-193A-E711-80E3-00155D42A416}</VisualizationId>
                                  <IsUserChart>false</IsUserChart>
                                  <EnableChartPicker>false</EnableChartPicker>
                                  <RelationshipName />
                                </parameters>
                              </control>
                            </cell>
                          </row>
                          <row />
                          <row />
                          <row />
                          <row />
                          <row />
                          <row />
                          <row />
                          <row />
                          <row />
                          <row />
                          <row />
                        </rows>
                      </section>
                    </sections>
                  </column>
                </columns>
              </tab>
              <tab name="StreamsContainer" showlabel="true" verticallayout="true" collapsible="false" id="{e8dffa9b-19ad-4b5d-bbbb-18d97eecc878}">
                <labels>
                  <label description="Streams" languagecode="1033" />
                </labels>
                <columns>
                  <column width="100%">
                    <sections>
                      <section name="Streams" showlabel="false" showbar="false" columns="1111" id="{c6dae392-5c89-4418-be87-faa9006a8c5c}">
                        <labels>
                          <label description="Section" languagecode="1033" />
                        </labels>
                        <rows>
                          <row>
                            <cell colspan="4" rowspan="12" showlabel="false" isstreamcell="true" id="{374ee018-b6c4-4749-9aa9-85c001795cd5}">
                              <labels>
                                <label description="" languagecode="1033" />
                              </labels>
                              <control id="Component{71203de0-1572-9d25-7be5-7d25e0d0981d}" classid="{EE9078C8-6946-4E2C-B8F8-35E65F4BE6A8}">
                                <parameters>
                                  <StreamObjects>
                                    <ShowAsTiles>false</ShowAsTiles>
                                    <StreamObject id="{e160e32c-e188-713e-2205-c518e555ea71}" type="1">
                                      <LogicalEntityName>lead</LogicalEntityName>
                                      <EntityViewId>{00000000-0000-0000-00AA-000010001005}</EntityViewId>
                                    </StreamObject>
                                    <StreamObject id="{6ed9303a-9a88-26bd-3418-426e0d520e75}" type="1">
                                      <LogicalEntityName>lead</LogicalEntityName>
                                      <EntityViewId>{00000000-0000-0000-00AA-000010001006}</EntityViewId>
                                    </StreamObject>
                                    <StreamObject id="{c24409c1-7b5a-64b9-44d5-a9b660c4d657}" type="1">
                                      <LogicalEntityName>lead</LogicalEntityName>
                                      <EntityViewId>{00000000-0000-0000-00AA-000010001009}</EntityViewId>
                                    </StreamObject>
                                    <StreamObject id="{335bb01d-e324-11ca-5240-c122e8664316}" type="1">
                                      <LogicalEntityName>lead</LogicalEntityName>
                                      <EntityViewId>{5A926B99-3A5F-DF11-AE90-00155D2E3002}</EntityViewId>
                                    </StreamObject>
                                  </StreamObjects>
                                </parameters>
                              </control>
                            </cell>
                          </row>
                          <row />
                          <row />
                          <row />
                          <row />
                          <row />
                          <row />
                          <row />
                          <row />
                          <row />
                          <row />
                          <row />
                        </rows>
                      </section>
                    </sections>
                  </column>
                </columns>
              </tab>
            </tabs>
          </form>
        </forms>
      </FormXml>
      <IntroducedVersion>1.0</IntroducedVersion>
      <IsTabletEnabled>0</IsTabletEnabled>
    </InteractionCentricDashboard>
    <InteractionCentricDashboard>
      <LocalizedNames>
        <LocalizedName description="Opportunities Dashboard" languagecode="1033" />
      </LocalizedNames>
      <Descriptions>
        <Description description="Shows an overview of data related to opportunities." languagecode="1033" />
      </Descriptions>
      <FormId>{f7e6d29b-1e3e-e711-80e1-00155d871bb4}</FormId>
      <IsDefault>0</IsDefault>
      <FormXml>
        <forms type="interactioncentricdashboard">
          <form>
            <tabs filterby="estimatedclosedate" timeframe="7" primaryentitylogicalname="opportunity" entityview="{C6F6FC1B-1B3E-E711-80E1-00155D871BB4}" dashboardCategory="1_1" tilespresent="false">
              <tab showlabel="true" verticallayout="true" collapsible="true" id="{ae682c2d-18f6-49c8-818d-959a79f1b266}">
                <labels>
                  <label description="Visual Filters" languagecode="1033" />
                </labels>
                <columns>
                  <column width="100%">
                    <sections>
                      <section name="VisualFilters" showlabel="false" showbar="false" columns="1111" id="{8a48f394-a138-4c60-b547-04860a2fc005}">
                        <labels>
                          <label description="Section" languagecode="1033" />
                        </labels>
                        <rows>
                          <row>
                            <cell colspan="1" rowspan="12" showlabel="false" ischartcell="true" id="{1d1389ef-5826-4d88-94b9-f77c8c332a36}" auto="false">
                              <labels>
                                <label description="Opportunity" languagecode="1033" />
                              </labels>
                              <control id="Componentd60f252" uniqueid="{ac70305c-a2ec-ea02-9931-0919773751d3}" classid="{E7A81278-8635-4d9e-8D4D-59480B391C5B}" indicationOfSubgrid="true">
                                <parameters>
                                  <TargetEntityType>opportunity</TargetEntityType>
                                  <ChartGridMode>Chart</ChartGridMode>
                                  <EnableQuickFind>false</EnableQuickFind>
                                  <EnableViewPicker>false</EnableViewPicker>
                                  <EnableJumpBar>false</EnableJumpBar>
                                  <RecordsPerPage>10</RecordsPerPage>
                                  <HeaderColorCode />
                                  <ViewId>{C6F6FC1B-1B3E-E711-80E1-00155D871BB4}</ViewId>
                                  <IsUserView>false</IsUserView>
                                  <ViewIds />
                                  <AutoExpand>Fixed</AutoExpand>
                                  <VisualizationId>{166785B0-073A-E711-80E3-00155D42A416}</VisualizationId>
                                  <IsUserChart>false</IsUserChart>
                                  <EnableChartPicker>false</EnableChartPicker>
                                  <RelationshipName />
                                </parameters>
                              </control>
                            </cell>
                            <cell colspan="1" rowspan="12" showlabel="false" ischartcell="true" id="{d6e7515c-32ec-43af-836b-ffb5f27fece2}" auto="false">
                              <labels>
                                <label description="Opportunity" languagecode="1033" />
                              </labels>
                              <control id="Component93e3d5a" uniqueid="{e44ea7ad-37ca-a961-43eb-0b26a7e9deb0}" classid="{E7A81278-8635-4d9e-8D4D-59480B391C5B}" indicationOfSubgrid="true">
                                <parameters>
                                  <TargetEntityType>opportunity</TargetEntityType>
                                  <ChartGridMode>Chart</ChartGridMode>
                                  <EnableQuickFind>false</EnableQuickFind>
                                  <EnableViewPicker>false</EnableViewPicker>
                                  <EnableJumpBar>false</EnableJumpBar>
                                  <RecordsPerPage>10</RecordsPerPage>
                                  <HeaderColorCode />
                                  <ViewId>{C6F6FC1B-1B3E-E711-80E1-00155D871BB4}</ViewId>
                                  <IsUserView>false</IsUserView>
                                  <ViewIds />
                                  <AutoExpand>Fixed</AutoExpand>
                                  <VisualizationId>{E91F96D7-1D3E-E711-80E1-00155D871BB4}</VisualizationId>
                                  <IsUserChart>false</IsUserChart>
                                  <EnableChartPicker>false</EnableChartPicker>
                                  <RelationshipName />
                                </parameters>
                              </control>
                            </cell>
                            <cell colspan="1" rowspan="12" showlabel="false" ischartcell="true" id="{3a3a7cce-121a-4306-bbf6-d54629fec97a}" auto="false">
                              <labels>
                                <label description="Opportunity" languagecode="1033" />
                              </labels>
                              <control id="Component3ad71a5" uniqueid="{d1945643-9670-cb8b-6064-50911e014e01}" classid="{E7A81278-8635-4d9e-8D4D-59480B391C5B}" indicationOfSubgrid="true">
                                <parameters>
                                  <TargetEntityType>opportunity</TargetEntityType>
                                  <ChartGridMode>Chart</ChartGridMode>
                                  <EnableQuickFind>false</EnableQuickFind>
                                  <EnableViewPicker>false</EnableViewPicker>
                                  <EnableJumpBar>false</EnableJumpBar>
                                  <RecordsPerPage>10</RecordsPerPage>
                                  <HeaderColorCode />
                                  <ViewId>{C6F6FC1B-1B3E-E711-80E1-00155D871BB4}</ViewId>
                                  <IsUserView>false</IsUserView>
                                  <ViewIds />
                                  <AutoExpand>Fixed</AutoExpand>
                                  <VisualizationId>{8ED63B02-1E3E-E711-80E1-00155D871BB4}</VisualizationId>
                                  <IsUserChart>false</IsUserChart>
                                  <EnableChartPicker>false</EnableChartPicker>
                                  <RelationshipName />
                                </parameters>
                              </control>
                            </cell>
                            <cell colspan="1" rowspan="12" showlabel="false" ischartcell="true" id="{4d6a8730-9a1d-418e-91a3-fcf7ba31184a}" auto="false">
                              <labels>
                                <label description="Opportunity" languagecode="1033" />
                              </labels>
                              <control id="Componentd19026a" uniqueid="{e7747d41-8a3c-6370-be4b-3e28373167a7}" classid="{E7A81278-8635-4d9e-8D4D-59480B391C5B}" indicationOfSubgrid="true">
                                <parameters>
                                  <TargetEntityType>opportunity</TargetEntityType>
                                  <ChartGridMode>Chart</ChartGridMode>
                                  <EnableQuickFind>false</EnableQuickFind>
                                  <EnableViewPicker>false</EnableViewPicker>
                                  <EnableJumpBar>false</EnableJumpBar>
                                  <RecordsPerPage>10</RecordsPerPage>
                                  <HeaderColorCode />
                                  <ViewId>{C6F6FC1B-1B3E-E711-80E1-00155D871BB4}</ViewId>
                                  <IsUserView>false</IsUserView>
                                  <ViewIds />
                                  <AutoExpand>Fixed</AutoExpand>
                                  <VisualizationId>{4A534F35-1E3E-E711-80E1-00155D871BB4}</VisualizationId>
                                  <IsUserChart>false</IsUserChart>
                                  <EnableChartPicker>false</EnableChartPicker>
                                  <RelationshipName />
                                </parameters>
                              </control>
                            </cell>
                          </row>
                          <row />
                          <row />
                          <row />
                          <row />
                          <row />
                          <row />
                          <row />
                          <row />
                          <row />
                          <row />
                          <row />
                        </rows>
                      </section>
                    </sections>
                  </column>
                </columns>
              </tab>
              <tab name="StreamsContainer" showlabel="true" verticallayout="true" collapsible="false" id="{3c6866b2-3d8b-41af-83d0-71e6ac0fbb90}">
                <labels>
                  <label description="Streams" languagecode="1033" />
                </labels>
                <columns>
                  <column width="100%">
                    <sections>
                      <section name="Streams" showlabel="false" showbar="false" columns="1111" id="{9591226d-b351-443b-a103-074cd6afbd14}">
                        <labels>
                          <label description="Section" languagecode="1033" />
                        </labels>
                        <rows>
                          <row>
                            <cell colspan="4" rowspan="12" showlabel="false" isstreamcell="true" id="{86f36b03-7823-466b-be39-01e8e3e5cc63}">
                              <labels>
                                <label description="" languagecode="1033" />
                              </labels>
                              <control id="Component{dd412793-26e8-4b78-489a-0b2a75a75c2c}" classid="{EE9078C8-6946-4E2C-B8F8-35E65F4BE6A8}">
                                <parameters>
                                  <StreamObjects>
                                    <ShowAsTiles>false</ShowAsTiles>
                                    <StreamObject id="{0b59793d-8ece-1835-ba19-592607c0beb2}" type="1">
                                      <LogicalEntityName>opportunity</LogicalEntityName>
                                      <EntityViewId>{00000000-0000-0000-00AA-000010003000}</EntityViewId>
                                    </StreamObject>
                                    <StreamObject id="{214a39b1-b4ac-9729-b5b6-d20d8d325dcb}" type="1">
                                      <LogicalEntityName>opportunity</LogicalEntityName>
                                      <EntityViewId>{00000000-0000-0000-00AA-000010003001}</EntityViewId>
                                    </StreamObject>
                                    <StreamObject id="{241eae88-baec-1467-e1dd-3e3ac4095001}" type="1">
                                      <LogicalEntityName>opportunity</LogicalEntityName>
                                      <EntityViewId>{00000000-0000-0000-00AA-000010003006}</EntityViewId>
                                    </StreamObject>
                                    <StreamObject id="{c7c02657-b535-738a-3a81-ac5254d28677}" type="1">
                                      <LogicalEntityName>opportunity</LogicalEntityName>
                                      <EntityViewId>{C6F6FC1B-1B3E-E711-80E1-00155D871BB4}</EntityViewId>
                                    </StreamObject>
                                  </StreamObjects>
                                </parameters>
                              </control>
                            </cell>
                          </row>
                          <row />
                          <row />
                          <row />
                          <row />
                          <row />
                          <row />
                          <row />
                          <row />
                          <row />
                          <row />
                          <row />
                        </rows>
                      </section>
                    </sections>
                  </column>
                </columns>
              </tab>
            </tabs>
          </form>
        </forms>
      </FormXml>
      <IntroducedVersion>1.0</IntroducedVersion>
      <IsTabletEnabled>0</IsTabletEnabled>
    </InteractionCentricDashboard>
  </InteractionCentricDashboards>
  <WebResources>
    <WebResource>
      <WebResourceId>{38af52cc-c462-ef11-bfe3-000d3a2845e3}</WebResourceId>
      <Name>cr6f2_ActionCallBuscarCep</Name>
      <DisplayName>ActionCallBuscarCep</DisplayName>
      <WebResourceType>3</WebResourceType>
      <IntroducedVersion>1.0.0.0</IntroducedVersion>
      <IsEnabledForMobileClient>0</IsEnabledForMobileClient>
      <IsAvailableForMobileOffline>0</IsAvailableForMobileOffline>
      <IsCustomizable>1</IsCustomizable>
      <CanBeDeleted>1</CanBeDeleted>
      <IsHidden>0</IsHidden>
      <FileName>/WebResources/cr6f2_ActionCallBuscarCep38AF52CC-C462-EF11-BFE3-000D3A2845E3</FileName>
    </WebResource>
  </WebResources>
  <CustomControls />
  <SolutionPluginAssemblies>
    <PluginAssembly FullName="Plugins para curso, Version=1.0.0.0, Culture=neutral, PublicKeyToken=fd615c65899f477b" PluginAssemblyId="0495eb85-6526-4617-9fbf-43cc22a23acf" CustomizationLevel="1">
      <IsolationMode>2</IsolationMode>
      <SourceType>0</SourceType>
      <IntroducedVersion>1.0</IntroducedVersion>
      <FileName>/PluginAssemblies/Pluginsparacurso-0495EB85-6526-4617-9FBF-43CC22A23ACF/Pluginsparacurso.dll</FileName>
      <PluginTypes>
        <PluginType AssemblyQualifiedName="Plugins_para_curso.ActionCEP, Plugins para curso, Version=1.0.0.0, Culture=neutral, PublicKeyToken=fd615c65899f477b" PluginTypeId="ba799479-fc1b-4a6d-a492-e1dd9738f05c" Name="Plugins_para_curso.ActionCEP">
          <FriendlyName>3df71604-39f8-489f-914e-3deeff412983</FriendlyName>
        </PluginType>
        <PluginType AssemblyQualifiedName="Plugins_para_curso.PluginAccountPostOperation, Plugins para curso, Version=1.0.0.0, Culture=neutral, PublicKeyToken=fd615c65899f477b" PluginTypeId="77e0c78f-f998-493f-b564-92cd229bac84" Name="Plugins_para_curso.PluginAccountPostOperation">
          <FriendlyName>252f1431-b122-42d0-a3ee-1596bcf62659</FriendlyName>
        </PluginType>
        <PluginType AssemblyQualifiedName="Plugins_para_curso.WFValidaLimiteInscricoesAluno, Plugins para curso, Version=1.0.0.0, Culture=neutral, PublicKeyToken=fd615c65899f477b" PluginTypeId="ce567538-4f65-4bb3-8823-4ea0adfb1e9c" Name="Plugins_para_curso.WFValidaLimiteInscricoesAluno">
          <FriendlyName>cc19a167-1bd3-40de-85bd-9aabbe8c875b</FriendlyName>
          <WorkflowActivityGroupName>Plugins para curso (1.0.0.0)</WorkflowActivityGroupName>
        </PluginType>
      </PluginTypes>
    </PluginAssembly>
  </SolutionPluginAssemblies>
  <AppModuleSiteMaps>
    <AppModuleSiteMap>
      <SiteMapUniqueName>cr6f2_custom</SiteMapUniqueName>
      <EnableCollapsibleGroups>False</EnableCollapsibleGroups>
      <ShowHome>True</ShowHome>
      <ShowPinned>True</ShowPinned>
      <ShowRecents>True</ShowRecents>
      <SiteMap IntroducedVersion="7.0.0.0">
        <Area Id="area_665e698f" ResourceId="SitemapDesigner.NewTitle" DescriptionResourceId="SitemapDesigner.NewTitle" ShowGroups="true" IntroducedVersion="7.0.0.0">
          <Titles>
            <Title LCID="1033" Title="Area1" />
          </Titles>
          <Group Id="group_7217dd87" ResourceId="SitemapDesigner.NewGroup" DescriptionResourceId="SitemapDesigner.NewGroup" IntroducedVersion="7.0.0.0" IsProfile="false" ToolTipResourseId="SitemapDesigner.Unknown">
            <Titles>
              <Title LCID="1033" Title="Clientes" />
            </Titles>
            <SubArea Id="subarea_be8ee669" Icon="/_imgs/imagestrips/transparent_spacer.gif" Entity="account" Client="All,Outlook,OutlookLaptopClient,OutlookWorkstationClient,Web" AvailableOffline="true" PassParams="false" Sku="All,OnPremise,Live,SPLA" />
            <SubArea Id="subarea_29508401" Icon="/_imgs/imagestrips/transparent_spacer.gif" Entity="contact" Client="All,Outlook,OutlookLaptopClient,OutlookWorkstationClient,Web" AvailableOffline="true" PassParams="false" Sku="All,OnPremise,Live,SPLA" />
          </Group>
          <Group Id="group_4a7ef02c" ResourceId="SitemapDesigner.NewGroup" DescriptionResourceId="SitemapDesigner.NewGroup" IntroducedVersion="7.0.0.0" IsProfile="false" ToolTipResourseId="SitemapDesigner.Unknown">
            <Titles>
              <Title LCID="1033" Title="Vendas" />
            </Titles>
            <SubArea Id="subarea_1e063709" Icon="/_imgs/imagestrips/transparent_spacer.gif" Entity="lead" Client="All,Outlook,OutlookLaptopClient,OutlookWorkstationClient,Web" AvailableOffline="true" PassParams="false" Sku="All,OnPremise,Live,SPLA" />
            <SubArea Id="subarea_33abc289" Icon="/_imgs/imagestrips/transparent_spacer.gif" Entity="opportunity" Client="All,Outlook,OutlookLaptopClient,OutlookWorkstationClient,Web" AvailableOffline="true" PassParams="false" Sku="All,OnPremise,Live,SPLA" />
            <SubArea Id="subarea_deb46a0e" Icon="/_imgs/imagestrips/transparent_spacer.gif" Entity="competitor" Client="All,Outlook,OutlookLaptopClient,OutlookWorkstationClient,Web" AvailableOffline="true" PassParams="false" Sku="All,OnPremise,Live,SPLA" />
          </Group>
        </Area>
      </SiteMap>
      <LocalizedNames>
        <LocalizedName description="custom" languagecode="1033" />
      </LocalizedNames>
    </AppModuleSiteMap>
  </AppModuleSiteMaps>
  <AppModules>
    <AppModule>
      <UniqueName>cr6f2_custom</UniqueName>
      <IntroducedVersion>1.0.0.0</IntroducedVersion>
      <WebResourceId>953b9fac-1e5e-e611-80d6-00155ded156f</WebResourceId>
      <OptimizedFor></OptimizedFor>
      <statecode>0</statecode>
      <statuscode>1</statuscode>
      <FormFactor>1</FormFactor>
      <ClientType>4</ClientType>
      <NavigationType>0</NavigationType>
      <AppModuleComponents>
        <AppModuleComponent type="1" schemaName="competitor" />
        <AppModuleComponent type="1" schemaName="contact" />
        <AppModuleComponent type="1" schemaName="opportunity" />
        <AppModuleComponent type="1" schemaName="account" />
        <AppModuleComponent type="1" schemaName="lead" />
        <AppModuleComponent type="62" schemaName="cr6f2_custom" />
      </AppModuleComponents>
      <AppModuleRoleMaps>
        <Role id="{627090ff-40a3-4053-8790-584edc5be201}" />
        <Role id="{119f245c-3cc8-4b62-b31c-d1a046ced15d}" />
      </AppModuleRoleMaps>
      <LocalizedNames>
        <LocalizedName description="custom" languagecode="1033" />
      </LocalizedNames>
      <appsettings>
        <appsetting settingdefinitionid.uniquename="AppChannel">
          <iscustomizable>1</iscustomizable>
          <value>1</value>
        </appsetting>
      </appsettings>
    </AppModule>
  </AppModules>
  <EntityDataProviders />
  <Languages>
    <Language>1033</Language>
  </Languages>
</ImportExportXml>